barcode	name	rank	mean_percent	total_reads
barcode05	Acidianus	G	0.16	1
barcode05	Acidianus manzaensis	S	0.16	1
barcode05	Agaricomycotina	P1	0.4175	38
barcode05	Amniota	P9	0.585945945945946	46
barcode05	Anthozoa	C	88.4216551724138	36070
barcode05	Archaea	R2	0.545	2
barcode05	Ascochyta	G	0.2533333333333333	3
barcode05	Ascochyta rabiei	S	0.2533333333333333	3
barcode05	Ascomycota	P	0.6	102
barcode05	Aspergillaceae	F	0.532	6
barcode05	Aspergillus	G	0.532	6
barcode05	Aspergillus chevalieri	S	0.2	1
barcode05	Aspergillus fumigatus	S	0.3	1
barcode05	Aspergillus fumigatus Af293	S1	0.3	1
barcode05	Aspergillus luchuensis	S	0.62	2
barcode05	Aspergillus puulaauensis	S	0.31	1
barcode05	Aspergillus subgen. Aspergillus	G1	0.2	1
barcode05	Aspergillus subgen. Circumdati	G1	0.925	3
barcode05	Aspergillus subgen. Fumigati	G1	0.3	1
barcode05	Basidiomycota	P	0.4282142857142857	40
barcode05	Bilateria	K2	0.585945945945946	46
barcode05	Boreoeutheria	C3	0.585945945945946	46
barcode05	Botrytis	G	0.205	4
barcode05	Botrytis cinerea	S	0.205	4
barcode05	Botrytis cinerea B05.10	S1	0.205	4
barcode05	Candida	G	0.8833333333333333	7
barcode05	Candida albicans	S	0.275	3
barcode05	Candida albicans SC5314	S1	0.275	3
barcode05	Candida dubliniensis	S	0.33999999999999997	2
barcode05	Candida dubliniensis CD36	S1	0.33999999999999997	2
barcode05	Candida orthopsilosis	S	2.035	2
barcode05	Candida orthopsilosis Co 90-125	S1	2.035	2
barcode05	Candida/Lodderomyces clade	F1	0.5718181818181818	12
barcode05	Catarrhini	O3	0.585945945945946	46
barcode05	Chaetomiaceae	F	0.17250000000000001	4
barcode05	Chordata	P	0.585945945945946	46
barcode05	Cnidaria	P	88.4216551724138	36070
barcode05	Colletotrichum	G	0.4181818181818182	11
barcode05	Colletotrichum acutatum species complex	G1	0.32999999999999996	2
barcode05	Colletotrichum destructivum	S	0.285	4
barcode05	Colletotrichum destructivum species complex	G1	0.43777777777777777	9
barcode05	Colletotrichum higginsianum	S	0.56	5
barcode05	Colletotrichum higginsianum IMI 349063	S1	0.56	5
barcode05	Colletotrichum lupini	S	0.32999999999999996	2
barcode05	Craniata	P1	0.585945945945946	46
barcode05	Cryptococcaceae	F	0.4240740740740741	37
barcode05	Cryptococcus	G	0.265	3
barcode05	Cryptococcus depauperatus	S	0.07	1
barcode05	Cryptococcus depauperatus CBS 7841	S1	0.07	1
barcode05	Cryptococcus gattii species complex	G1	0.23	2
barcode05	Cutaneotrichosporon	G	0.24	1
barcode05	Cutaneotrichosporon cavernicola	S	0.24	1
barcode05	Debaryomycetaceae	F	0.6033333333333333	13
barcode05	Deuterostomia	K3	0.585945945945946	46
barcode05	Didymellaceae	F	0.2533333333333333	3
barcode05	Dikarya	K1	0.6615068493150685	143
barcode05	Dipnotetrapodomorpha	P7	0.585945945945946	46
barcode05	Dipodascales	O	0.07	1
barcode05	Dipodascales incertae sedis	O1	0.07	1
barcode05	Dipodascomycetes	C	0.07	1
barcode05	Dothideomycetes	C	0.2533333333333333	3
barcode05	Drechmeria	G	0.326	15
barcode05	Drechmeria coniospora	S	0.326	15
barcode05	Euarchontoglires	C4	0.585945945945946	46
barcode05	Eukaryota	R2	88.95020689655172	36278
barcode05	Eumetazoa	K1	88.58937931034482	36124
barcode05	Eunicea	G	88.4216551724138	36070
barcode05	Eunicea knighti	S	88.4216551724138	36070
barcode05	Eurotiales	O	0.37875	9
barcode05	Eurotiomycetes	C	0.37875	9
barcode05	Eurotiomycetidae	C1	0.37875	9
barcode05	Euteleostomi	P5	0.585945945945946	46
barcode05	Eutheria	C2	0.585945945945946	46
barcode05	Fungi	K	0.6615068493150685	143
barcode05	Fusarium	G	0.384	13
barcode05	Fusarium falciforme	S	0.08	1
barcode05	Fusarium fujikuroi	S	1.56	2
barcode05	Fusarium fujikuroi IMI 58289	S1	1.56	2
barcode05	Fusarium fujikuroi species complex	G1	1.56	2
barcode05	Fusarium graminearum	S	0.47	1
barcode05	Fusarium graminearum PH-1	S1	0.47	1
barcode05	Fusarium keratoplasticum	S	0.22	2
barcode05	Fusarium musae	S	0.14	2
barcode05	Fusarium pseudograminearum	S	0.32999999999999996	2
barcode05	Fusarium pseudograminearum CS3096	S1	0.32999999999999996	2
barcode05	Fusarium sambucinum species complex	G1	0.37666666666666665	3
barcode05	Fusarium solani species complex	G1	0.17333333333333334	3
barcode05	Glomerellaceae	F	0.4181818181818182	11
barcode05	Glomerellales	O	0.4181818181818182	11
barcode05	Gnathostomata	P3	0.585945945945946	46
barcode05	Haplorrhini	O1	0.585945945945946	46
barcode05	Helotiales	O	0.205	4
barcode05	Henningerozyma	G	0.89	1
barcode05	Henningerozyma blattae	S	0.89	1
barcode05	Henningerozyma blattae CBS 6284	S1	0.89	1
barcode05	Hominidae	F	0.585945945945946	46
barcode05	Homininae	F1	0.585945945945946	46
barcode05	Hominoidea	O4	0.585945945945946	46
barcode05	Homo	G	0.585945945945946	46
barcode05	Homo sapiens	S	0.585945945945946	46
barcode05	Hypocreaceae	F	0.24	1
barcode05	Hypocreales	O	0.40516129032258064	37
barcode05	Hypocreomycetidae	C1	0.4842105263157895	51
barcode05	Kwoniella	G	0.4368	34
barcode05	Kwoniella botswanensis	S	0.4220833333333333	30
barcode05	Kwoniella dejecticola	S	0.135	2
barcode05	Kwoniella dejecticola CBS 10117	S1	0.135	2
barcode05	Kwoniella pini	S	0.07	1
barcode05	Kwoniella pini CBS 10737	S1	0.07	1
barcode05	Kwoniella shivajii	S	0.46	1
barcode05	Leotiomycetes	C	0.205	4
barcode05	Lodderomyces	G	0.198	5
barcode05	Lodderomyces beijingensis	S	0.23	2
barcode05	Lodderomyces elongisporus	S	0.17666666666666667	3
barcode05	Malacalcyonacea	O	88.4216551724138	36070
barcode05	Mammalia	C	0.585945945945946	46
barcode05	Metazoa	K	88.58937931034482	36124
barcode05	Naumovozyma	G	0.07	1
barcode05	Naumovozyma castellii	S	0.07	1
barcode05	Nectriaceae	F	0.384	13
barcode05	Nitrosopumilaceae	F	0.93	1
barcode05	Nitrosopumilales	O	0.93	1
barcode05	Nitrosopumilus	G	0.93	1
barcode05	Nitrosopumilus piranensis	S	0.93	1
barcode05	Nitrososphaeria	C	0.93	1
barcode05	Nitrososphaerota	P	0.93	1
barcode05	Octocorallia	C1	88.4216551724138	36070
barcode05	Ophiocordycipitaceae	F	0.3976190476190476	22
barcode05	Opisthokonta	R3	88.95020689655172	36278
barcode05	Pezizomycotina	P2	0.52	79
barcode05	Pichiomycetes	C	0.6033333333333333	13
barcode05	Pleosporales	O	0.2533333333333333	3
barcode05	Pleosporineae	O1	0.2533333333333333	3
barcode05	Pleosporomycetidae	C1	0.2533333333333333	3
barcode05	Plexauridae	F	88.4216551724138	36070
barcode05	Podospora	G	0.16	2
barcode05	Podospora bellae-mahoneyi	S	0.26	1
barcode05	Podosporaceae	F	0.16	2
barcode05	Primates	O	0.585945945945946	46
barcode05	Purpureocillium	G	0.4928571428571429	7
barcode05	Purpureocillium takamizusanense	S	0.4928571428571429	7
barcode05	Remersonia	G	0.35	1
barcode05	Remersonia thermophila	S	0.35	1
barcode05	Saccharomycetaceae	F	0.48	2
barcode05	Saccharomycetales	O	0.48	2
barcode05	Saccharomycetes	C	0.4633333333333333	3
barcode05	Saccharomycodaceae	F	0.43	1
barcode05	Saccharomycodales	O	0.43	1
barcode05	Saccharomycodes	G	0.43	1
barcode05	Saccharomycodes ludwigii	S	0.43	1
barcode05	Saccharomycotina	P2	0.54375	17
barcode05	Sarcopterygii	P6	0.585945945945946	46
barcode05	Scheffersomyces	G	0.95	1
barcode05	Scheffersomyces stipitis	S	0.95	1
barcode05	Scheffersomyces stipitis CBS 6054	S1	0.95	1
barcode05	Sclerotiniaceae	F	0.205	4
barcode05	Serinales	O	0.6033333333333333	13
barcode05	Simiiformes	O2	0.585945945945946	46
barcode05	Sordariales	O	0.19428571428571428	7
barcode05	Sordariales incertae sedis	O1	0.35	1
barcode05	Sordariomycetes	C	0.4611627906976744	59
barcode05	Sordariomycetidae	C1	0.19428571428571428	7
barcode05	Sporisorium	G	0.24	1
barcode05	Sporisorium graminicola	S	0.24	1
barcode05	Sulfolobaceae	F	0.16	1
barcode05	Sulfolobales	O	0.16	1
barcode05	Talaromyces	G	0.12333333333333334	3
barcode05	Talaromyces rugulosus	S	0.12333333333333334	3
barcode05	Talaromyces sect. Islandici	G1	0.12333333333333334	3
barcode05	Teleostomi	P4	0.585945945945946	46
barcode05	Tetrapoda	P8	0.585945945945946	46
barcode05	Theria	C1	0.585945945945946	46
barcode05	Thermoproteati	K	0.545	2
barcode05	Thermoprotei	C	0.16	1
barcode05	Thermoproteota	P	0.16	1
barcode05	Thermothielavioides	G	0.17250000000000001	4
barcode05	Thermothielavioides terrestris	S	0.17250000000000001	4
barcode05	Thermothielavioides terrestris NRRL 8126	S1	0.17250000000000001	4
barcode05	Tremellales	O	0.4240740740740741	37
barcode05	Tremellomycetes	C	0.4175	38
barcode05	Trichocomaceae	F	0.12333333333333334	3
barcode05	Trichoderma	G	0.24	1
barcode05	Trichoderma atroviride	S	0.24	1
barcode05	Trichosporonaceae	F	0.24	1
barcode05	Trichosporonales	O	0.24	1
barcode05	Ustilaginaceae	F	0.24	1
barcode05	Ustilaginales	O	0.24	1
barcode05	Ustilaginomycetes	C	0.24	1
barcode05	Ustilaginomycotina	P1	0.24	1
barcode05	Vertebrata	P2	0.585945945945946	46
barcode05	Yarrowia	G	0.07	1
barcode05	Yarrowia lipolytica	S	0.07	1
barcode05	cellular organisms	R1	88.9576551724138	36280
barcode05	dothideomyceta	P4	0.2533333333333333	3
barcode05	leotiomyceta	P3	0.52	79
barcode05	root	R	88.9576551724138	36280
barcode05	saccharomyceta	P1	0.6	102
barcode05	sordariomyceta	P4	0.4690909090909091	63
barcode05	unclassified	U	11.042344827586208	4494
barcode06	Agaricales	O	0.07	1
barcode06	Agaricineae	O1	0.07	1
barcode06	Agaricomycetes	C	0.07	1
barcode06	Agaricomycetidae	C1	0.07	1
barcode06	Agaricomycotina	P1	0.32066666666666666	16
barcode06	Alternaria	G	0.22	1
barcode06	Alternaria dauci	S	0.22	1
barcode06	Alternaria sect. Porri	G1	0.22	1
barcode06	Amniota	P9	0.6337037037037037	31
barcode06	Anthozoa	C	87.3151724137931	34270
barcode06	Archaea	R2	0.14333333333333334	3
barcode06	Ascochyta	G	0.42	2
barcode06	Ascochyta rabiei	S	0.42	2
barcode06	Ascomycota	P	0.6822641509433962	86
barcode06	Aspergillaceae	F	0.1675	4
barcode06	Aspergillus	G	0.1675	4
barcode06	Aspergillus flavus	S	0.25	1
barcode06	Aspergillus luchuensis	S	0.07	1
barcode06	Aspergillus subgen. Circumdati	G1	0.1675	4
barcode06	Basidiomycota	P	0.32066666666666666	16
barcode06	Bilateria	K2	0.6337037037037037	31
barcode06	Boreoeutheria	C3	0.6337037037037037	31
barcode06	Botrytis	G	0.41	2
barcode06	Botrytis cinerea	S	0.41	2
barcode06	Botrytis cinerea B05.10	S1	0.41	2
barcode06	Candida	G	0.5609999999999999	11
barcode06	Candida albicans	S	0.27	4
barcode06	Candida albicans SC5314	S1	0.27	4
barcode06	Candida dubliniensis	S	0.16166666666666668	6
barcode06	Candida dubliniensis CD36	S1	0.16166666666666668	6
barcode06	Candida orthopsilosis	S	3.57	1
barcode06	Candida orthopsilosis Co 90-125	S1	3.57	1
barcode06	Candida/Lodderomyces clade	F1	0.5569230769230769	16
barcode06	Candidatus Nitrosocaldaceae	F	0.15	1
barcode06	Candidatus Nitrosocaldales	O	0.15	1
barcode06	Candidatus Nitrosocaldus	G	0.15	1
barcode06	Catarrhini	O3	0.6337037037037037	31
barcode06	Chordata	P	0.6337037037037037	31
barcode06	Clavicipitaceae	F	0.12	2
barcode06	Cnidaria	P	87.3151724137931	34270
barcode06	Colletotrichum	G	0.31363636363636366	11
barcode06	Colletotrichum destructivum	S	0.325	2
barcode06	Colletotrichum destructivum species complex	G1	0.31363636363636366	11
barcode06	Colletotrichum higginsianum	S	0.3111111111111111	9
barcode06	Colletotrichum higginsianum IMI 349063	S1	0.3111111111111111	9
barcode06	Craniata	P1	0.6337037037037037	31
barcode06	Cryptococcaceae	F	0.31666666666666665	15
barcode06	Cryptococcus	G	0.68	1
barcode06	Cryptococcus bacillisporus	S	0.68	1
barcode06	Cryptococcus bacillisporus CA1280	S1	0.68	1
barcode06	Cryptococcus gattii species complex	G1	0.68	1
barcode06	Debaryomycetaceae	F	0.5569230769230769	16
barcode06	Deuterostomia	K3	0.6337037037037037	31
barcode06	Didymellaceae	F	0.42	2
barcode06	Dikarya	K1	0.6958333333333333	106
barcode06	Dipnotetrapodomorpha	P7	0.6337037037037037	31
barcode06	Dipodascales	O	1	1
barcode06	Dipodascomycetes	C	1	1
barcode06	Dothideomycetes	C	0.35333333333333333	3
barcode06	Drechmeria	G	0.5533333333333333	10
barcode06	Drechmeria coniospora	S	0.5533333333333333	10
barcode06	Euarchontoglires	C4	0.6337037037037037	31
barcode06	Eukaryota	R2	87.76731034482759	34424
barcode06	Eumetazoa	K1	87.45537931034482	34310
barcode06	Eunicea	G	87.3151724137931	34270
barcode06	Eunicea knighti	S	87.3151724137931	34270
barcode06	Eurotiales	O	0.1675	4
barcode06	Eurotiomycetes	C	0.1675	4
barcode06	Eurotiomycetidae	C1	0.1675	4
barcode06	Euteleostomi	P5	0.6337037037037037	31
barcode06	Eutheria	C2	0.6337037037037037	31
barcode06	Fungi	K	0.703	108
barcode06	Fungi incertae sedis	K1	0.21	2
barcode06	Fusarium	G	0.36857142857142855	7
barcode06	Fusarium fujikuroi	S	0.08	1
barcode06	Fusarium fujikuroi IMI 58289	S1	0.08	1
barcode06	Fusarium fujikuroi species complex	G1	0.08	1
barcode06	Fusarium musae	S	0.49	1
barcode06	Fusarium poae	S	0.33	1
barcode06	Fusarium pseudograminearum	S	0.595	2
barcode06	Fusarium pseudograminearum CS3096	S1	0.595	2
barcode06	Fusarium sambucinum species complex	G1	0.5066666666666667	3
barcode06	Glomeraceae	F	0.21	2
barcode06	Glomerales	O	0.21	2
barcode06	Glomerellaceae	F	0.31363636363636366	11
barcode06	Glomerellales	O	0.31363636363636366	11
barcode06	Glomeromycetes	C	0.21	2
barcode06	Glomeromycotina	P1	0.21	2
barcode06	Gnathostomata	P3	0.6337037037037037	31
barcode06	Halobacteria	C	0.07	1
barcode06	Halobacteriales	O	0.07	1
barcode06	Halomarina	G	0.07	1
barcode06	Halomarina pelagica	S	0.07	1
barcode06	Haplorrhini	O1	0.6337037037037037	31
barcode06	Helotiales	O	0.41	2
barcode06	Hominidae	F	0.6337037037037037	31
barcode06	Homininae	F1	0.6337037037037037	31
barcode06	Hominoidea	O4	0.6337037037037037	31
barcode06	Homo	G	0.6337037037037037	31
barcode06	Homo sapiens	S	0.6337037037037037	31
barcode06	Huiozyma	G	0.53	1
barcode06	Huiozyma naganishii	S	0.53	1
barcode06	Huiozyma naganishii CBS 8797	S1	0.53	1
barcode06	Hypocreaceae	F	0.32	1
barcode06	Hypocreales	O	0.4736842105263158	24
barcode06	Hypocreomycetidae	C1	0.5183333333333333	35
barcode06	Kluyveromyces	G	0.12	3
barcode06	Kluyveromyces lactis	S	0.07	1
barcode06	Kluyveromyces marxianus	S	0.08	2
barcode06	Kluyveromyces marxianus DMKU3-1042	S1	0.08	2
barcode06	Kwoniella	G	0.2907142857142857	14
barcode06	Kwoniella botswanensis	S	0.29818181818181816	11
barcode06	Kwoniella dendrophila	S	0.19	1
barcode06	Kwoniella dendrophila CBS 6074	S1	0.19	1
barcode06	Kwoniella europaea	S	0.21	1
barcode06	Kwoniella europaea PYCC6329	S1	0.21	1
barcode06	Kwoniella shivajii	S	0.39	1
barcode06	Leotiomycetes	C	0.41	2
barcode06	Lodderomyces	G	0.4075	5
barcode06	Lodderomyces beijingensis	S	0.07	1
barcode06	Lodderomyces elongisporus	S	0.3875	4
barcode06	Malacalcyonacea	O	87.3151724137931	34270
barcode06	Mammalia	C	0.6337037037037037	31
barcode06	Metarhizium	G	0.09	1
barcode06	Metarhizium brunneum	S	0.09	1
barcode06	Metazoa	K	87.45537931034482	34310
barcode06	Methanobacteriati	K	0.14	2
barcode06	Methanobacteriota	P	0.14	2
barcode06	Methanomicrobia	C	0.21	1
barcode06	Methanosarcina	G	0.21	1
barcode06	Methanosarcina barkeri	S	0.21	1
barcode06	Methanosarcinaceae	F	0.21	1
barcode06	Methanosarcinales	O	0.21	1
barcode06	Mucoromycota	P	0.21	2
barcode06	Natronomonadaceae	F	0.07	1
barcode06	Naumovozyma	G	0.375	2
barcode06	Naumovozyma castellii	S	0.375	2
barcode06	Nectriaceae	F	0.36857142857142855	7
barcode06	Neurospora	G	0.15	2
barcode06	Neurospora crassa	S	0.15	2
barcode06	Neurospora crassa OR74A	S1	0.15	2
barcode06	Nitrososphaeria	C	0.15	1
barcode06	Nitrososphaerota	P	0.15	1
barcode06	Octocorallia	C1	87.3151724137931	34270
barcode06	Ophiocordycipitaceae	F	0.519	11
barcode06	Opisthokonta	R3	87.76731034482759	34424
barcode06	Pezizomycotina	P2	0.5242857142857142	52
barcode06	Pichiomycetes	C	0.5569230769230769	16
barcode06	Pleosporaceae	F	0.22	1
barcode06	Pleosporales	O	0.35333333333333333	3
barcode06	Pleosporineae	O1	0.35333333333333333	3
barcode06	Pleosporomycetidae	C1	0.35333333333333333	3
barcode06	Plexauridae	F	87.3151724137931	34270
barcode06	Primates	O	0.6337037037037037	31
barcode06	Psilocybe	G	0.07	1
barcode06	Psilocybe cubensis	S	0.07	1
barcode06	Purpureocillium	G	0.21	1
barcode06	Purpureocillium takamizusanense	S	0.21	1
barcode06	Rhizophagus	G	0.21	2
barcode06	Rhizophagus irregularis	S	0.21	2
barcode06	Saccharomyces	G	0.38	2
barcode06	Saccharomyces cerevisiae	S	0.4	1
barcode06	Saccharomyces cerevisiae S288C	S1	0.4	1
barcode06	Saccharomyces eubayanus	S	0.36	1
barcode06	Saccharomycetaceae	F	0.4942857142857143	9
barcode06	Saccharomycetales	O	0.4942857142857143	9
barcode06	Saccharomycetes	C	0.4942857142857143	9
barcode06	Saccharomycotina	P2	0.5571428571428572	26
barcode06	Sarcopterygii	P6	0.6337037037037037	31
barcode06	Sclerotiniaceae	F	0.41	2
barcode06	Serinales	O	0.5569230769230769	16
barcode06	Simiiformes	O2	0.6337037037037037	31
barcode06	Sordariaceae	F	0.15	2
barcode06	Sordariales	O	0.15	2
barcode06	Sordariomycetes	C	0.5184	38
barcode06	Sordariomycetidae	C1	0.15	2
barcode06	Stenosarchaea group	P1	0.14	2
barcode06	Strophariaceae	F	0.07	1
barcode06	Teleostomi	P4	0.6337037037037037	31
barcode06	Tetrapisispora	G	1.18	1
barcode06	Tetrapisispora phaffii	S	1.18	1
barcode06	Tetrapisispora phaffii CBS 4417	S1	1.18	1
barcode06	Tetrapoda	P8	0.6337037037037037	31
barcode06	Theria	C1	0.6337037037037037	31
barcode06	Thermoproteati	K	0.15	1
barcode06	Tremellales	O	0.31666666666666665	15
barcode06	Tremellomycetes	C	0.31666666666666665	15
barcode06	Trichoderma	G	0.32	1
barcode06	Trichoderma breve	S	0.32	1
barcode06	Ustilaginoidea	G	0.15	1
barcode06	Ustilaginoidea virens	S	0.15	1
barcode06	Vertebrata	P2	0.6337037037037037	31
barcode06	cellular organisms	R1	87.77103448275862	34428
barcode06	dothideomyceta	P4	0.35333333333333333	3
barcode06	leotiomyceta	P3	0.5242857142857142	52
barcode06	root	R	87.77103448275862	34428
barcode06	saccharomyceta	P1	0.6822641509433962	86
barcode06	sordariomyceta	P4	0.5103703703703704	40
barcode06	unclassified	U	12.313888888888888	4725
barcode07	Acidianus	G	0.13	1
barcode07	Acidianus ambivalens	S	0.13	1
barcode07	Agaricomycotina	P1	0.36	22
barcode07	Amniota	P9	0.37533333333333335	32
barcode07	Anthozoa	C	89.61668965517241	39620
barcode07	Archaea	R2	0.196	5
barcode07	Ascomycota	P	0.5407407407407407	85
barcode07	Aspergillaceae	F	0.3433333333333334	6
barcode07	Aspergillus	G	0.3	5
barcode07	Aspergillus luchuensis	S	0.3466666666666667	3
barcode07	Aspergillus subgen. Circumdati	G1	0.3	5
barcode07	Basidiomycota	P	0.3494736842105263	24
barcode07	Bilateria	K2	0.37533333333333335	32
barcode07	Boreoeutheria	C3	0.37533333333333335	32
barcode07	Botrytis	G	0.34	5
barcode07	Botrytis cinerea	S	0.34	5
barcode07	Botrytis cinerea B05.10	S1	0.34	5
barcode07	Candida	G	0.5266666666666666	3
barcode07	Candida albicans	S	0.27	2
barcode07	Candida albicans SC5314	S1	0.27	2
barcode07	Candida orthopsilosis	S	1.04	1
barcode07	Candida orthopsilosis Co 90-125	S1	1.04	1
barcode07	Candida/Lodderomyces clade	F1	0.33666666666666667	6
barcode07	Catarrhini	O3	0.37533333333333335	32
barcode07	Chaetomiaceae	F	0.53	3
barcode07	Chordata	P	0.37533333333333335	32
barcode07	Clavicipitaceae	F	0.3433333333333333	3
barcode07	Cnidaria	P	89.61668965517241	39620
barcode07	Coccidioides	G	0.09	1
barcode07	Coccidioides posadasii	S	0.09	1
barcode07	Coccidioides posadasii str. Silveira	S1	0.09	1
barcode07	Colletotrichum	G	0.43	4
barcode07	Colletotrichum acutatum species complex	G1	0.12	1
barcode07	Colletotrichum destructivum	S	0.355	2
barcode07	Colletotrichum destructivum species complex	G1	0.5333333333333333	3
barcode07	Colletotrichum higginsianum	S	0.89	1
barcode07	Colletotrichum higginsianum IMI 349063	S1	0.89	1
barcode07	Colletotrichum lupini	S	0.12	1
barcode07	Craniata	P1	0.37533333333333335	32
barcode07	Cryptococcaceae	F	0.3558823529411765	21
barcode07	Cutaneotrichosporon	G	0.43	1
barcode07	Cutaneotrichosporon cavernicola	S	0.43	1
barcode07	Debaryomycetaceae	F	0.33666666666666667	6
barcode07	Deuterostomia	K3	0.37533333333333335	32
barcode07	Dikarya	K1	0.5806451612903226	111
barcode07	Dipnotetrapodomorpha	P7	0.37533333333333335	32
barcode07	Dipodascales	O	0.07	1
barcode07	Dipodascales incertae sedis	O1	0.07	1
barcode07	Dipodascomycetes	C	0.07	1
barcode07	Dothideomycetes	C	0.49333333333333335	3
barcode07	Dothideomycetidae	C1	0.49333333333333335	3
barcode07	Drechmeria	G	0.18666666666666668	12
barcode07	Drechmeria coniospora	S	0.18666666666666668	12
barcode07	Euarchontoglires	C4	0.37533333333333335	32
barcode07	Eukaryota	R2	89.962	39775
barcode07	Eumetazoa	K1	89.70813793103449	39658
barcode07	Eunicea	G	89.61668965517241	39620
barcode07	Eunicea knighti	S	89.61668965517241	39620
barcode07	Eurotiales	O	0.36250000000000004	8
barcode07	Eurotiomycetes	C	0.33222222222222225	9
barcode07	Eurotiomycetidae	C1	0.33222222222222225	9
barcode07	Euteleostomi	P5	0.37533333333333335	32
barcode07	Eutheria	C2	0.37533333333333335	32
barcode07	Fulvia	G	0.49333333333333335	3
barcode07	Fulvia fulva	S	0.49333333333333335	3
barcode07	Fungi	K	0.5806451612903226	111
barcode07	Fusarium	G	0.44	9
barcode07	Fusarium falciforme	S	0.87	1
barcode07	Fusarium fujikuroi	S	0.06	1
barcode07	Fusarium fujikuroi IMI 58289	S1	0.06	1
barcode07	Fusarium fujikuroi species complex	G1	0.06	1
barcode07	Fusarium keratoplasticum	S	0.58	2
barcode07	Fusarium musae	S	0.06	1
barcode07	Fusarium pseudograminearum	S	0.06	1
barcode07	Fusarium pseudograminearum CS3096	S1	0.06	1
barcode07	Fusarium sambucinum species complex	G1	0.06	1
barcode07	Fusarium solani species complex	G1	0.564	5
barcode07	Glomerellaceae	F	0.43	4
barcode07	Glomerellales	O	0.43	4
barcode07	Gnathostomata	P3	0.37533333333333335	32
barcode07	Haladaptataceae	F	0.34	1
barcode07	Haladaptatus	G	0.34	1
barcode07	Haladaptatus salinisoli	S	0.34	1
barcode07	Halapricum	G	0.07	1
barcode07	Halapricum desulfuricans	S	0.07	1
barcode07	Haloarculaceae	F	0.07	1
barcode07	Halobacteria	C	0.20500000000000002	2
barcode07	Halobacteriales	O	0.20500000000000002	2
barcode07	Haplorrhini	O1	0.37533333333333335	32
barcode07	Helotiales	O	0.34	5
barcode07	Henningerozyma	G	0.18	1
barcode07	Henningerozyma blattae	S	0.18	1
barcode07	Henningerozyma blattae CBS 6284	S1	0.18	1
barcode07	Hominidae	F	0.37533333333333335	32
barcode07	Homininae	F1	0.37533333333333335	32
barcode07	Hominoidea	O4	0.37533333333333335	32
barcode07	Homo	G	0.37533333333333335	32
barcode07	Homo sapiens	S	0.37533333333333335	32
barcode07	Hypocreaceae	F	0.06	1
barcode07	Hypocreales	O	0.3085	28
barcode07	Hypocreomycetidae	C1	0.34208333333333335	33
barcode07	Kwoniella	G	0.3558823529411765	21
barcode07	Kwoniella botswanensis	S	0.3028571428571429	15
barcode07	Kwoniella dejecticola	S	0.225	2
barcode07	Kwoniella dejecticola CBS 10117	S1	0.225	2
barcode07	Kwoniella europaea	S	1.09	2
barcode07	Kwoniella europaea PYCC6329	S1	1.09	2
barcode07	Kwoniella mangrovensis	S	0.2	1
barcode07	Kwoniella mangroviensis CBS 8507	S1	0.2	1
barcode07	Kwoniella shivajii	S	0.06	1
barcode07	Leotiomycetes	C	0.34	5
barcode07	Lodderomyces	G	0.14666666666666667	3
barcode07	Lodderomyces beijingensis	S	0.18	1
barcode07	Lodderomyces elongisporus	S	0.13	2
barcode07	Magnaporthales	O	4.55	1
barcode07	Malacalcyonacea	O	89.61668965517241	39620
barcode07	Mammalia	C	0.37533333333333335	32
barcode07	Metazoa	K	89.70813793103449	39658
barcode07	Methanobacteria	C	0.06	1
barcode07	Methanobacteriaceae	F	0.06	1
barcode07	Methanobacteriales	O	0.06	1
barcode07	Methanobacteriati	K	0.15666666666666668	3
barcode07	Methanobacteriota	P	0.15666666666666668	3
barcode07	Methanomada group	P1	0.06	1
barcode07	Methanothermobacter	G	0.06	1
barcode07	Methanothermobacter tenebrarum	S	0.06	1
barcode07	Mycosphaerellaceae	F	0.49333333333333335	3
barcode07	Mycosphaerellales	O	0.49333333333333335	3
barcode07	Naumovozyma	G	0.364	6
barcode07	Naumovozyma castellii	S	0.39	3
barcode07	Naumovozyma dairenensis	S	0.3466666666666667	3
barcode07	Naumovozyma dairenensis CBS 421	S1	0.3466666666666667	3
barcode07	Nectriaceae	F	0.44	9
barcode07	Neurospora	G	0.38666666666666666	3
barcode07	Neurospora crassa	S	0.38666666666666666	3
barcode07	Neurospora crassa OR74A	S1	0.38666666666666666	3
barcode07	Nitrosopumilaceae	F	0.38	1
barcode07	Nitrosopumilales	O	0.38	1
barcode07	Nitrosopumilus	G	0.38	1
barcode07	Nitrosopumilus sp.	S	0.38	1
barcode07	Nitrososphaeria	C	0.38	1
barcode07	Nitrososphaerota	P	0.38	1
barcode07	Octocorallia	C1	89.61668965517241	39620
barcode07	Onygenaceae	F	0.09	1
barcode07	Onygenales	O	0.09	1
barcode07	Ophiocordycipitaceae	F	0.19555555555555557	13
barcode07	Opisthokonta	R3	89.962	39775
barcode07	Penicillium	G	0.56	1
barcode07	Penicillium psychrofluorescens	S	0.56	1
barcode07	Pezizomycotina	P2	0.5502325581395349	64
barcode07	Pichiomycetes	C	0.33666666666666667	6
barcode07	Plexauridae	F	89.61668965517241	39620
barcode07	Pochonia	G	0.43	1
barcode07	Pochonia chlamydosporia	S	0.43	1
barcode07	Pochonia chlamydosporia 170	S1	0.43	1
barcode07	Podospora	G	0.21	1
barcode07	Podosporaceae	F	0.21	1
barcode07	Primates	O	0.37533333333333335	32
barcode07	Puccinia	G	0.16	2
barcode07	Puccinia striiformis	S	0.16	2
barcode07	Puccinia striiformis f. sp. tritici	S1	0.16	2
barcode07	Pucciniaceae	F	0.16	2
barcode07	Pucciniales	O	0.16	2
barcode07	Pucciniomycetes	C	0.16	2
barcode07	Pucciniomycotina	P1	0.16	2
barcode07	Purpureocillium	G	0.08	1
barcode07	Purpureocillium takamizusanense	S	0.08	1
barcode07	Pyricularia	G	4.55	1
barcode07	Pyricularia oryzae	S	4.55	1
barcode07	Pyricularia oryzae 70-15	S1	4.55	1
barcode07	Pyriculariaceae	F	4.55	1
barcode07	Remersonia	G	0.6	3
barcode07	Remersonia thermophila	S	0.6	3
barcode07	Saccharomycetaceae	F	0.32142857142857145	9
barcode07	Saccharomycetales	O	0.32142857142857145	9
barcode07	Saccharomycetes	C	0.32142857142857145	9
barcode07	Saccharomycotina	P2	0.30733333333333335	18
barcode07	Sarcopterygii	P6	0.37533333333333335	32
barcode07	Sclerotiniaceae	F	0.34	5
barcode07	Serinales	O	0.33666666666666667	6
barcode07	Simiiformes	O2	0.37533333333333335	32
barcode07	Sordariaceae	F	0.38666666666666666	3
barcode07	Sordariales	O	0.476	10
barcode07	Sordariales incertae sedis	O1	0.6	3
barcode07	Sordariomycetes	C	0.5220588235294118	46
barcode07	Sordariomycetidae	C1	0.8463636363636363	11
barcode07	Stenosarchaea group	P1	0.20500000000000002	2
barcode07	Sulfolobaceae	F	0.13	1
barcode07	Sulfolobales	O	0.13	1
barcode07	Talaromyces	G	0.42000000000000004	2
barcode07	Talaromyces rugulosus	S	0.42000000000000004	2
barcode07	Talaromyces sect. Islandici	G1	0.42000000000000004	2
barcode07	Teleostomi	P4	0.37533333333333335	32
barcode07	Tetrapisispora	G	0.18	1
barcode07	Tetrapisispora phaffii	S	0.18	1
barcode07	Tetrapisispora phaffii CBS 4417	S1	0.18	1
barcode07	Tetrapoda	P8	0.37533333333333335	32
barcode07	Theria	C1	0.37533333333333335	32
barcode07	Thermoproteati	K	0.255	2
barcode07	Thermoprotei	C	0.13	1
barcode07	Thermoproteota	P	0.13	1
barcode07	Thermothelomyces	G	0.06	1
barcode07	Thermothelomyces thermophilus	S	0.06	1
barcode07	Thermothelomyces thermophilus ATCC 42464	S1	0.06	1
barcode07	Thermothielavioides	G	0.765	2
barcode07	Thermothielavioides terrestris	S	0.765	2
barcode07	Thermothielavioides terrestris NRRL 8126	S1	0.765	2
barcode07	Tremellales	O	0.3558823529411765	21
barcode07	Tremellomycetes	C	0.36	22
barcode07	Trichocomaceae	F	0.42000000000000004	2
barcode07	Trichoderma	G	0.06	1
barcode07	Trichoderma asperellum	S	0.06	1
barcode07	Trichosporonaceae	F	0.43	1
barcode07	Trichosporonales	O	0.43	1
barcode07	Ustilaginoidea	G	0.30000000000000004	2
barcode07	Ustilaginoidea virens	S	0.30000000000000004	2
barcode07	Vertebrata	P2	0.37533333333333335	32
barcode07	Yarrowia	G	0.07	1
barcode07	Yarrowia lipolytica	S	0.07	1
barcode07	Zygosaccharomyces	G	0.07	1
barcode07	Zygosaccharomyces rouxii	S	0.07	1
barcode07	cellular organisms	R1	89.96986206896551	39782
barcode07	dothideomyceta	P4	0.49333333333333335	3
barcode07	leotiomyceta	P3	0.5502325581395349	64
barcode07	root	R	89.96986206896551	39782
barcode07	saccharomyceta	P1	0.5407407407407407	85
barcode07	sordariomyceta	P4	0.5462857142857143	51
barcode07	unclassified	U	10.030137931034483	4451
barcode07	unclassified Nitrosopumilus	G1	0.38	1
barcode08	Agaricales	O	0.22	1
barcode08	Agaricineae	O1	0.22	1
barcode08	Agaricomycetes	C	0.22	1
barcode08	Agaricomycetidae	C1	0.22	1
barcode08	Agaricomycotina	P1	0.4392857142857143	31
barcode08	Amniota	P9	0.39260869565217393	28
barcode08	Anthozoa	C	85.16813793103448	34328
barcode08	Archaea	R2	0.09	1
barcode08	Ascomycota	P	0.5202040816326531	86
barcode08	Aspergillaceae	F	0.28500000000000003	4
barcode08	Aspergillus	G	0.29333333333333333	3
barcode08	Aspergillus luchuensis	S	0.19	2
barcode08	Aspergillus subgen. Circumdati	G1	0.29333333333333333	3
barcode08	Basidiomycota	P	0.48312499999999997	35
barcode08	Bilateria	K2	0.39260869565217393	28
barcode08	Boreoeutheria	C3	0.39260869565217393	28
barcode08	Botrytis	G	0.8466666666666667	3
barcode08	Botrytis cinerea	S	0.8466666666666667	3
barcode08	Botrytis cinerea B05.10	S1	0.8466666666666667	3
barcode08	Candida	G	0.19333333333333333	6
barcode08	Candida albicans	S	0.26666666666666666	3
barcode08	Candida albicans SC5314	S1	0.26666666666666666	3
barcode08	Candida dubliniensis	S	0.14	2
barcode08	Candida dubliniensis CD36	S1	0.14	2
barcode08	Candida orthopsilosis	S	0.08	1
barcode08	Candida orthopsilosis Co 90-125	S1	0.08	1
barcode08	Candida/Lodderomyces clade	F1	0.2736363636363636	11
barcode08	Candidatus Nitrosotenuis	G	0.09	1
barcode08	Candidatus Nitrosotenuis aquarius	S	0.09	1
barcode08	Candidozyma	G	0.08	1
barcode08	Candidozyma auris	S	0.08	1
barcode08	Catarrhini	O3	0.39260869565217393	28
barcode08	Chordata	P	0.39260869565217393	28
barcode08	Cnidaria	P	85.16813793103448	34328
barcode08	Colletotrichum	G	0.33299999999999996	10
barcode08	Colletotrichum acutatum species complex	G1	1.16	1
barcode08	Colletotrichum destructivum	S	0.23399999999999999	5
barcode08	Colletotrichum destructivum species complex	G1	0.2411111111111111	9
barcode08	Colletotrichum higginsianum	S	0.25	4
barcode08	Colletotrichum higginsianum IMI 349063	S1	0.25	4
barcode08	Colletotrichum lupini	S	1.16	1
barcode08	Craniata	P1	0.39260869565217393	28
barcode08	Cryptococcaceae	F	0.4615384615384615	29
barcode08	Cryptococcus	G	0.69	1
barcode08	Cryptococcus gattii species complex	G1	0.69	1
barcode08	Cutaneotrichosporon	G	0.08	1
barcode08	Cutaneotrichosporon cavernicola	S	0.08	1
barcode08	Debaryomycetaceae	F	0.2736363636363636	11
barcode08	Deuterostomia	K3	0.39260869565217393	28
barcode08	Dikarya	K1	0.6217910447761194	123
barcode08	Dipnotetrapodomorpha	P7	0.39260869565217393	28
barcode08	Dipodascales	O	0.23666666666666666	4
barcode08	Dipodascales incertae sedis	O1	0.19	3
barcode08	Dipodascomycetes	C	0.23666666666666666	4
barcode08	Drechmeria	G	0.3790909090909091	12
barcode08	Drechmeria coniospora	S	0.3790909090909091	12
barcode08	Euarchontoglires	C4	0.39260869565217393	28
barcode08	Eukaryota	R2	85.53758620689655	34491
barcode08	Eumetazoa	K1	85.23510344827586	34359
barcode08	Eunicea	G	85.16813793103448	34328
barcode08	Eunicea knighti	S	85.16813793103448	34328
barcode08	Eurotiales	O	0.3416666666666667	6
barcode08	Eurotiomycetes	C	0.3416666666666667	6
barcode08	Eurotiomycetidae	C1	0.3416666666666667	6
barcode08	Euteleostomi	P5	0.39260869565217393	28
barcode08	Eutheria	C2	0.39260869565217393	28
barcode08	Fungi	K	0.6175	124
barcode08	Fusarium	G	0.22111111111111112	10
barcode08	Fusarium fujikuroi	S	0.17666666666666667	3
barcode08	Fusarium fujikuroi IMI 58289	S1	0.17666666666666667	3
barcode08	Fusarium fujikuroi species complex	G1	0.17666666666666667	3
barcode08	Fusarium graminearum	S	0.22	1
barcode08	Fusarium graminearum PH-1	S1	0.22	1
barcode08	Fusarium keratoplasticum	S	0.155	2
barcode08	Fusarium musae	S	0.23666666666666666	3
barcode08	Fusarium pseudograminearum	S	0.21	1
barcode08	Fusarium pseudograminearum CS3096	S1	0.21	1
barcode08	Fusarium sambucinum species complex	G1	0.215	2
barcode08	Fusarium solani species complex	G1	0.155	2
barcode08	Glomerellaceae	F	0.33299999999999996	10
barcode08	Glomerellales	O	0.33299999999999996	10
barcode08	Gnathostomata	P3	0.39260869565217393	28
barcode08	Haplorrhini	O1	0.39260869565217393	28
barcode08	Helotiales	O	0.8466666666666667	3
barcode08	Hominidae	F	0.39260869565217393	28
barcode08	Homininae	F1	0.39260869565217393	28
barcode08	Hominoidea	O4	0.39260869565217393	28
barcode08	Homo	G	0.39260869565217393	28
barcode08	Homo sapiens	S	0.39260869565217393	28
barcode08	Hypocreaceae	F	0.6	2
barcode08	Hypocreales	O	0.376	26
barcode08	Hypocreomycetidae	C1	0.4296153846153846	37
barcode08	Kluyveromyces	G	0.15	1
barcode08	Kluyveromyces marxianus	S	0.15	1
barcode08	Kluyveromyces marxianus DMKU3-1042	S1	0.15	1
barcode08	Kwoniella	G	0.45239999999999997	28
barcode08	Kwoniella botswanensis	S	0.4652173913043478	25
barcode08	Kwoniella dendrophila	S	0.13	1
barcode08	Kwoniella dendrophila CBS 6074	S1	0.13	1
barcode08	Kwoniella europaea	S	0.06	1
barcode08	Kwoniella europaea PYCC6329	S1	0.06	1
barcode08	Kwoniella shivajii	S	0.42	1
barcode08	Leotiomycetes	C	0.8466666666666667	3
barcode08	Lodderomyces	G	0.445	4
barcode08	Lodderomyces beijingensis	S	0.42500000000000004	2
barcode08	Lodderomyces elongisporus	S	0.465	2
barcode08	Malacalcyonacea	O	85.16813793103448	34328
barcode08	Mammalia	C	0.39260869565217393	28
barcode08	Metazoa	K	85.23510344827586	34359
barcode08	Metschnikowiaceae	F	0.08	1
barcode08	Nectriaceae	F	0.22111111111111112	10
barcode08	Neurospora	G	0.31166666666666665	6
barcode08	Neurospora crassa	S	0.31166666666666665	6
barcode08	Neurospora crassa OR74A	S1	0.31166666666666665	6
barcode08	Nitrososphaerota	P	0.09	1
barcode08	Nitrososphaerota incertae sedis	P1	0.09	1
barcode08	Octocorallia	C1	85.16813793103448	34328
barcode08	Ophiocordycipitaceae	F	0.35333333333333333	13
barcode08	Opisthokonta	R3	85.53758620689655	34491
barcode08	Penicillium	G	0.26	1
barcode08	Penicillium oxalicum	S	0.26	1
barcode08	Pezizomycotina	P2	0.4730232558139535	63
barcode08	Pichiomycetes	C	0.28	12
barcode08	Plexauridae	F	85.16813793103448	34328
barcode08	Podospora	G	0.27999999999999997	3
barcode08	Podospora bellae-mahoneyi	S	0.07	2
barcode08	Podosporaceae	F	0.27999999999999997	3
barcode08	Primates	O	0.39260869565217393	28
barcode08	Psilocybe	G	0.22	1
barcode08	Psilocybe cubensis	S	0.22	1
barcode08	Puccinia	G	0.51	2
barcode08	Puccinia striiformis	S	0.08	1
barcode08	Puccinia striiformis f. sp. tritici	S1	0.08	1
barcode08	Puccinia triticina	S	0.94	1
barcode08	Pucciniaceae	F	0.51	2
barcode08	Pucciniales	O	0.51	2
barcode08	Pucciniomycetes	C	0.51	2
barcode08	Pucciniomycotina	P1	0.51	2
barcode08	Purpureocillium	G	0.07	1
barcode08	Purpureocillium takamizusanense	S	0.07	1
barcode08	Remersonia	G	0.15333333333333335	3
barcode08	Remersonia thermophila	S	0.15333333333333335	3
barcode08	Saccharomycetaceae	F	0.15	1
barcode08	Saccharomycetales	O	0.15	1
barcode08	Saccharomycetes	C	0.16999999999999998	2
barcode08	Saccharomycodaceae	F	0.19	1
barcode08	Saccharomycodales	O	0.19	1
barcode08	Saccharomycodes	G	0.19	1
barcode08	Saccharomycodes ludwigii	S	0.19	1
barcode08	Saccharomycotina	P2	0.31533333333333335	20
barcode08	Sarcopterygii	P6	0.39260869565217393	28
barcode08	Sclerotiniaceae	F	0.8466666666666667	3
barcode08	Serinales	O	0.28	12
barcode08	Simiiformes	O2	0.39260869565217393	28
barcode08	Sordariaceae	F	0.31166666666666665	6
barcode08	Sordariales	O	0.2881818181818182	12
barcode08	Sordariales incertae sedis	O1	0.15333333333333335	3
barcode08	Sordariomycetes	C	0.42567567567567566	54
barcode08	Sordariomycetidae	C1	0.2881818181818182	12
barcode08	Sporisorium	G	1.79	1
barcode08	Sporisorium graminicola	S	1.79	1
barcode08	Strophariaceae	F	0.22	1
barcode08	Sugiyamaella	G	0.15	1
barcode08	Sugiyamaella lignohabitans	S	0.15	1
barcode08	Talaromyces	G	0.45499999999999996	2
barcode08	Talaromyces marneffei	S	0.07	1
barcode08	Talaromyces rugulosus	S	0.84	1
barcode08	Talaromyces sect. Islandici	G1	0.84	1
barcode08	Talaromyces sect. Talaromyces	G1	0.07	1
barcode08	Teleostomi	P4	0.39260869565217393	28
barcode08	Tetrapoda	P8	0.39260869565217393	28
barcode08	Theria	C1	0.39260869565217393	28
barcode08	Thermoproteati	K	0.09	1
barcode08	Tremellales	O	0.4615384615384615	29
barcode08	Tremellomycetes	C	0.4474074074074074	30
barcode08	Trichocomaceae	F	0.45499999999999996	2
barcode08	Trichoderma	G	0.6	2
barcode08	Trichoderma asperellum	S	0.6	2
barcode08	Trichomonascaceae	F	0.15	1
barcode08	Trichosporonaceae	F	0.08	1
barcode08	Trichosporonales	O	0.08	1
barcode08	Ustilaginaceae	F	1.79	1
barcode08	Ustilaginales	O	1.79	1
barcode08	Ustilaginomycetes	C	1.79	1
barcode08	Ustilaginomycotina	P1	1.79	1
barcode08	Vertebrata	P2	0.39260869565217393	28
barcode08	Yarrowia	G	0.19	3
barcode08	Yarrowia lipolytica	S	0.19	3
barcode08	cellular organisms	R1	85.54151724137931	34494
barcode08	leotiomyceta	P3	0.4730232558139535	63
barcode08	root	R	85.54151724137931	34494
barcode08	saccharomyceta	P1	0.5202040816326531	86
barcode08	sordariomyceta	P4	0.45725	57
barcode08	unclassified	U	14.55888888888889	5867
barcode32	Anthozoa	C	100	1
barcode32	Cnidaria	P	100	1
barcode32	Eukaryota	R2	100	1
barcode32	Eumetazoa	K1	100	1
barcode32	Eunicea	G	100	1
barcode32	Eunicea knighti	S	100	1
barcode32	Malacalcyonacea	O	100	1
barcode32	Metazoa	K	100	1
barcode32	Octocorallia	C1	100	1
barcode32	Opisthokonta	R3	100	1
barcode32	Plexauridae	F	100	1
barcode32	cellular organisms	R1	100	1
barcode32	root	R	100	1
barcode44	Anthozoa	C	100	2
barcode44	Cnidaria	P	100	2
barcode44	Eukaryota	R2	100	2
barcode44	Eumetazoa	K1	100	2
barcode44	Eunicea	G	100	2
barcode44	Eunicea knighti	S	100	2
barcode44	Malacalcyonacea	O	100	2
barcode44	Metazoa	K	100	2
barcode44	Octocorallia	C1	100	2
barcode44	Opisthokonta	R3	100	2
barcode44	Plexauridae	F	100	2
barcode44	cellular organisms	R1	100	2
barcode44	root	R	100	2
barcode76	unclassified	U	100	1
barcode85	Anthozoa	C	100	1
barcode85	Cnidaria	P	100	1
barcode85	Eukaryota	R2	100	1
barcode85	Eumetazoa	K1	100	1
barcode85	Eunicea	G	100	1
barcode85	Eunicea knighti	S	100	1
barcode85	Malacalcyonacea	O	100	1
barcode85	Metazoa	K	100	1
barcode85	Octocorallia	C1	100	1
barcode85	Opisthokonta	R3	100	1
barcode85	Plexauridae	F	100	1
barcode85	cellular organisms	R1	100	1
barcode85	root	R	100	1
NA	Agaricomycotina	P1	0.7949999999999999	2
NA	Amniota	P9	3.8277272727272726	22
NA	Anthozoa	C	86.63193103448276	5421
NA	Ascomycota	P	3.6216666666666666	12
NA	Basidiomycota	P	0.7949999999999999	2
NA	Bilateria	K2	3.8277272727272726	22
NA	Boreoeutheria	C3	3.8277272727272726	22
NA	Candida	G	4.76	1
NA	Candida dubliniensis	S	4.76	1
NA	Candida dubliniensis CD36	S1	4.76	1
NA	Candida/Lodderomyces clade	F1	4.76	1
NA	Catarrhini	O3	3.8277272727272726	22
NA	Chaetomiaceae	F	4.35	1
NA	Chordata	P	3.8277272727272726	22
NA	Cnidaria	P	86.63193103448276	5421
NA	Colletotrichum	G	2.47	2
NA	Colletotrichum destructivum species complex	G1	2.47	2
NA	Colletotrichum higginsianum	S	2.47	2
NA	Colletotrichum higginsianum IMI 349063	S1	2.47	2
NA	Craniata	P1	3.8277272727272726	22
NA	Cryptococcaceae	F	0.7949999999999999	2
NA	Debaryomycetaceae	F	4.76	1
NA	Deuterostomia	K3	3.8277272727272726	22
NA	Dikarya	K1	3.217857142857143	14
NA	Dipnotetrapodomorpha	P7	3.8277272727272726	22
NA	Drechmeria	G	1.4749999999999999	2
NA	Drechmeria coniospora	S	1.4749999999999999	2
NA	Euarchontoglires	C4	3.8277272727272726	22
NA	Eukaryota	R2	87.57979310344828	5459
NA	Eumetazoa	K1	87.23441379310344	5444
NA	Eunicea	G	86.63193103448276	5421
NA	Eunicea knighti	S	86.63193103448276	5421
NA	Eurotiales	O	8.33	1
NA	Eurotiomycetes	C	8.33	1
NA	Eurotiomycetidae	C1	8.33	1
NA	Euteleostomi	P5	3.8277272727272726	22
NA	Eutheria	C2	3.8277272727272726	22
NA	Fungi	K	3.217857142857143	14
NA	Fusarium	G	0.58	1
NA	Glomerellaceae	F	2.47	2
NA	Glomerellales	O	2.47	2
NA	Gnathostomata	P3	3.8277272727272726	22
NA	Haplorrhini	O1	3.8277272727272726	22
NA	Hominidae	F	3.8277272727272726	22
NA	Homininae	F1	3.8277272727272726	22
NA	Hominoidea	O4	3.8277272727272726	22
NA	Homo	G	3.8277272727272726	22
NA	Homo sapiens	S	3.8277272727272726	22
NA	Hypocreaceae	F	9.09	1
NA	Hypocreales	O	3.155	4
NA	Hypocreomycetidae	C1	2.9266666666666667	6
NA	Kwoniella	G	0.7949999999999999	2
NA	Kwoniella botswanensis	S	0.7949999999999999	2
NA	Malacalcyonacea	O	86.63193103448276	5421
NA	Mammalia	C	3.8277272727272726	22
NA	Metazoa	K	87.23441379310344	5444
NA	Nectriaceae	F	0.58	1
NA	Neurospora	G	6.25	1
NA	Neurospora crassa	S	6.25	1
NA	Neurospora crassa OR74A	S1	6.25	1
NA	Octocorallia	C1	86.63193103448276	5421
NA	Ophiocordycipitaceae	F	1.4749999999999999	2
NA	Opisthokonta	R3	87.57979310344828	5459
NA	Pezizomycotina	P2	3.518181818181818	11
NA	Pichiomycetes	C	4.76	1
NA	Plexauridae	F	86.63193103448276	5421
NA	Primates	O	3.8277272727272726	22
NA	Saccharomycotina	P2	4.76	1
NA	Sarcopterygii	P6	3.8277272727272726	22
NA	Serinales	O	4.76	1
NA	Simiiformes	O2	3.8277272727272726	22
NA	Sordaria	G	0.42	1
NA	Sordaria macrospora	S	0.42	1
NA	Sordariaceae	F	3.335	2
NA	Sordariales	O	3.6733333333333333	3
NA	Sordariomycetes	C	3.037	10
NA	Sordariomycetidae	C1	3.6733333333333333	3
NA	Talaromyces	G	8.33	1
NA	Talaromyces rugulosus	S	8.33	1
NA	Talaromyces sect. Islandici	G1	8.33	1
NA	Teleostomi	P4	3.8277272727272726	22
NA	Tetrapoda	P8	3.8277272727272726	22
NA	Theria	C1	3.8277272727272726	22
NA	Tremellales	O	0.7949999999999999	2
NA	Tremellomycetes	C	0.7949999999999999	2
NA	Trichocomaceae	F	8.33	1
NA	Trichoderma	G	9.09	1
NA	Trichoderma atroviride	S	9.09	1
NA	Vertebrata	P2	3.8277272727272726	22
NA	cellular organisms	R1	87.57979310344828	5459
NA	leotiomyceta	P3	3.518181818181818	11
NA	root	R	87.57979310344828	5459
NA	saccharomyceta	P1	3.6216666666666666	12
NA	sordariomyceta	P4	3.037	10
NA	unclassified	U	14.293095238095239	800
